Source,Type,Title,Date,Creator,Id,Homepage,Media Link,Map,Licence,Longitude,Latitude,Notes
Yale Centre for British Art,Image,City of Bath ,1678,Francis Place,B1977.14.5566,https://collections.britishart.yale.edu/catalog/tms:11422,https://deliver.odai.yale.edu/content/id/c207ead5-12a8-4162-b16c-8d8480bfbaa5/format/3,N,Public Domain,-2.346375,51.3791874,
Yale Centre for British Art,Image,View of Bath from Spring Gardens,1790,Thomas Hearne,B1975.3.152,https://collections.britishart.yale.edu/catalog/tms:10443,https://deliver.odai.yale.edu/content/id/44c6aa34-e4d8-4da7-856f-6c9606c2de1b/format/3,N,Public Domain,-2.3551297,51.3810222,
Yale Centre for British Art,Image,Bathampton Mill,,Edward Francis Burney,B1979.12.996,https://collections.britishart.yale.edu/catalog/tms:19478,https://deliver.odai.yale.edu/content/id/5fe26574-ede3-4760-93b7-a511ca040cf4/format/3,N,Public Domain,-2.3260331,51.4005176,
Yale Centre for British Art,Image,Comforts of Bath: Gouty Persons Fall on Steep HIll,1798,Thomas Rowlandson,B1975.3.58,https://collections.britishart.yale.edu/catalog/tms:5585,https://deliver.odai.yale.edu/content/id/059275af-581f-4cd9-862a-ae10aeb969bf/format/3,N,Public Domain,-2.3691416,51.3868743,
Yale Centre for British Art,Image,Comforts of Bath: The Breakfast,1798,Thomas Rowlandson,B1975.3.57,https://collections.britishart.yale.edu/catalog/tms:5584,https://deliver.odai.yale.edu/content/id/38312c27-d553-4400-b87a-6db0c8788f41/format/3,N,Public Domain,-2.3628491,51.3862349,
Yale Centre for British Art,Image,Comforts of Bath: The Ball,1798,Thomas Rowlandson,B1975.3.56,https://collections.britishart.yale.edu/catalog/tms:5583,https://deliver.odai.yale.edu/content/id/3dcae06f-bce3-4f19-a4d9-cc196215b849/format/3,N,Public Domain,-2.3628491,51.3862349,
Yale Centre for British Art,Image,Comforts of Bath: Private Practice Previous to the Ball,1798,Thomas Rowlandson,B1975.3.55,https://collections.britishart.yale.edu/catalog/tms:5582,https://deliver.odai.yale.edu/content/id/5333bbd0-a2d9-4330-9107-99f50d56296d/format/3,N,Public Domain,,,
Yale Centre for British Art,Image,Comforts of Bath: The Pump Room,1798,Thomas Rowlandson,B1975.3.53,https://collections.britishart.yale.edu/catalog/tms:5574,https://deliver.odai.yale.edu/content/id/4ffea1d8-9fdd-47c3-99ff-42d6e3db6a2b/format/3,N,Public Domain,-2.360006,51.3811528,
Yale Centre for British Art,Image,Comforts of Bath: Coaches Arriving,1798,Thomas Rowlandson,B1975.3.52,https://collections.britishart.yale.edu/catalog/tms:5573,https://deliver.odai.yale.edu/content/id/17b200de-dc64-4dc3-b3c5-43a02f87ceaa/format/3,N,Public Domain,-2.3638469,51.385475,
Yale Centre for British Art,Image,Comforts of Bath: The Concert,1798,Thomas Rowlandson,B1975.3.51,https://collections.britishart.yale.edu/catalog/tms:5572,https://deliver.odai.yale.edu/content/id/cdc2c97c-2006-47c0-8271-8515d3cb81e8/format/3,N,Public Domain,-2.3589733,51.3825807,
Yale Centre for British Art,Image,Comforts of Bath: The Bath,1798,Thomas Rowlandson,B2001.2.1143,https://collections.britishart.yale.edu/catalog/tms:46554,https://deliver.odai.yale.edu/content/id/2efbaac0-1396-4fa6-a104-101b0fb83a90/format/3,N,Public Domain,-2.3598665,51.3810464,
Yale Centre for British Art,Image,Comforts of Bath: Gouty Gourmands at Dinner,1798,Thomas Rowlandson,B1975.3.42,https://collections.britishart.yale.edu/catalog/tms:5563,https://deliver.odai.yale.edu/content/id/d2e76479-dee3-48ba-a7ce-73fdc53d4721/format/3,N,Public Domain,,,
Yale Centre for British Art,Image,Comforts of Bath: The Music Master,1798,Thomas Rowlandson,B1975.3.54,https://collections.britishart.yale.edu/catalog/tms:5575,https://deliver.odai.yale.edu/content/id/b105a225-542b-4a27-bcb4-90bf1ecfa7da/format/3,N,Public Domain,,,
Yale Centre for British Art,Image,"North Parade, Bath",1784,Humphrey Repton,B1986.29.460,https://collections.britishart.yale.edu/catalog/tms:2101,https://deliver.odai.yale.edu/content/id/afb4e526-6ab3-4438-a40f-1bdec3086f9e/format/3,N,Public Domain,-2.3573586,51.3808179,
Yale Centre for British Art,Image,Bath: The Crescent,1773,John Robert Cozens,B1985.36.1321,https://collections.britishart.yale.edu/catalog/tms:21377,https://deliver.odai.yale.edu/content/id/eb9baf84-c688-46df-8bb3-d065e70f5340/format/3,N,Public Domain,,,
Yale Centre for British Art,Image,Bath: The South Parade,1773,John Robert Cozens,B1985.36.1320,https://collections.britishart.yale.edu/catalog/tms:21376,https://deliver.odai.yale.edu/content/id/9b718fe9-2da0-4dfe-accb-4f761f82c1e3/format/3,N,Public Domain,,,
Yale Centre for British Art,Image,The City of Bath taken from the London Road,1773,John Robert Cozens,B1985.36.1323,https://collections.britishart.yale.edu/catalog/tms:21379,https://deliver.odai.yale.edu/content/id/b6e2d449-ca3a-4d0c-b409-5c298fcfb984/format/3,N,Public Domain,,,
Yale Centre for British Art,Image,Bath: Queen Square,1773,John Robert Cozens,B1985.36.1319,https://collections.britishart.yale.edu/catalog/tms:21375,https://deliver.odai.yale.edu/content/id/ee6ccce0-47df-49b5-b326-4ca706bb2efc/format/3,N,Public Domain,,,
Yale Centre for British Art,Image,Bath: The North Parade,1773,John Robert Cozens,B1985.36.1318,https://collections.britishart.yale.edu/catalog/tms:21374,https://deliver.odai.yale.edu/content/id/c17383e7-c29b-42cf-b9e1-0474fa5de611/format/3,N,Public Domain,,,
Yale Centre for British Art,Image,South View of Bath,1773,John Robert Cozens,B1985.36.1317,https://collections.britishart.yale.edu/catalog/tms:21373,https://deliver.odai.yale.edu/content/id/890155c5-2c94-4307-b677-79b4cf89c5ed/format/3,N,Public Domain,,,
Yale Centre for British Art,Image,Bath: The Circus,1773,John Robert Cozens,B1985.36.1322,https://collections.britishart.yale.edu/catalog/tms:21378,https://deliver.odai.yale.edu/content/id/a01f51bc-3983-4483-8c42-67a81769d3ed/format/3,N,Public Domain,,,
Yale Centre for British Art,Image,Bath: The New Bridge,1773,John Robert Cozens,B1985.36.1324,https://collections.britishart.yale.edu/catalog/tms:21380,https://deliver.odai.yale.edu/content/id/c59b539e-c99a-42db-95a1-90ee4bc02aed/format/3,N,Public Domain,,,
British Library,Image,Drawing of the King's and Queen's Bath,1675,,,https://www.flickr.com/photos/britishlibrary/11161135283,https://live.staticflickr.com/7330/11161135283_f362e9143a_k_d.jpg,N,Public Domain,-2.3592335,51.3810188,
British Library,Image,Bath Abbey Church and Wade's Passage,1750,,,https://www.flickr.com/photos/britishlibrary/11088418485,https://live.staticflickr.com/2846/11088418485_00e2b311c9_b_d.jpg,N,Public Domain,-2.3602903,51.3812432,
British Library,Image,Sketch of Milsom Street,1800,,,https://www.flickr.com/photos/britishlibrary/11160768745,https://live.staticflickr.com/7307/11160768745_753dad9329_k_d.jpg,N,Public Domain,-2.3619345,51.3848473,
British Library,Image,Guildhall and Marketplace,1812,,,https://www.flickr.com/photos/britishlibrary/11219931155,https://live.staticflickr.com/3681/11219931155_5b2e41cc95_h_d.jpg,N,Public Domain,-2.3591933,51.3824568,
British Library,Image,"Crescent, Bath",1830,,,https://www.flickr.com/photos/britishlibrary/11221660705,https://live.staticflickr.com/5500/11221660705_addaeb9492_k_d.jpg,N,Public Domain,-2.3697746,51.3868877,
British Library,Image,The Grand Pump Room Hotel,1883,,,https://www.flickr.com/photos/britishlibrary/11284190403,https://live.staticflickr.com/3779/11284190403_923b910304_h_d.jpg,N,Public Domain,-2.3602849,51.3813938,
British Library,Image,Bath from the River,1885,,,https://www.flickr.com/photos/britishlibrary/11176249116,https://live.staticflickr.com/7375/11176249116_a2cf736c4b_k_d.jpg,N,Public Domain,-2.3553658,51.3808615,
British Library,Image,"Interior, New Pump Room",1898,A. T. Nicholds,,https://www.flickr.com/photos/britishlibrary/11295215043,https://live.staticflickr.com/2871/11295215043_5484a681ad_h_d.jpg,N,Public Domain,-2.3600355,51.3811561,
British Library,Image,The Pump Rooms,1898,A. T. Nicholds,,https://www.flickr.com/photos/britishlibrary/11295082165,https://live.staticflickr.com/7400/11295082165_5f7ab16194_h_d.jpg,N,Public Domain,-2.3596144,51.3814256,
British Library,Image,The Roman Baths,1898,A. T. Nicholds,,https://www.flickr.com/photos/britishlibrary/11295119666,https://live.staticflickr.com/2880/11295119666_7cfaf551d8_h_d.jpg,N,Public Domain,-2.3593086,51.3809435,
British Library,Image,The Abbey,1898,A. T. Nicholds,,https://www.flickr.com/photos/britishlibrary/11295084556,https://live.staticflickr.com/5543/11295084556_3812957df5_h_d.jpg,N,Public Domain,-2.3591557,51.382107,
British Library,Image,The Baths,1898,A. T. Nicholds,,https://www.flickr.com/photos/britishlibrary/11294976705,https://live.staticflickr.com/5521/11294976705_2238df2863_h_d.jpg,N,Public Domain,-2.3599443,51.3810657,
British Library,Image,Victoria Park Obelisk,1898,A. T. Nicholds,,https://www.flickr.com/photos/britishlibrary/11295105756,https://live.staticflickr.com/5540/11295105756_4c92a18a10_h_d.jpg,N,Public Domain,-2.3727867,51.3858466,
British Library,Image,The Orange Grove,1898,A. T. Nicholds,,https://www.flickr.com/photos/britishlibrary/11294866675,https://live.staticflickr.com/3747/11294866675_20a94e4c89_h_d.jpg,N,Public Domain,-2.3578307,51.3814691,
British Library,Image,The Guildhall,1898,A. T. Nicholds,,https://www.flickr.com/photos/britishlibrary/11294661964,https://live.staticflickr.com/3723/11294661964_242f1410cc_h_d.jpg,N,Public Domain,-2.3589224,51.381593,
British Library,Image,St Saviour's Church,1898,A. T. Nicholds,,https://www.flickr.com/photos/britishlibrary/11294435683,https://live.staticflickr.com/3738/11294435683_3dd6b404cd_h_d.jpg,N,Public Domain,-2.3474908,51.3960127,
British Library,Image,Milsom Street,1898,A. T. Nicholds,,https://www.flickr.com/photos/britishlibrary/11294414283,https://live.staticflickr.com/3727/11294414283_416420bbd7_h_d.jpg,N,Public Domain,-2.3611969,51.3831415,
British Library,Image,Victoria Park Lake,1898,A. T. Nicholds,,https://www.flickr.com/photos/britishlibrary/11294343804,https://live.staticflickr.com/7291/11294343804_ff29d00515_h_d.jpg,N,Public Domain,-2.3767698,51.3865111,
British Library,Image,"Bath Abbey, West Front",1898,A. T. Nicholds,,https://www.flickr.com/photos/britishlibrary/11293587906,https://live.staticflickr.com/7422/11293587906_dc468c52d0_h_d.jpg,N,Public Domain,-2.3599188,51.3813168,
British Library,Image,"Victoria Gate & Obelisk, Park",1898,A. T. Nicholds,,https://www.flickr.com/photos/britishlibrary/11293297916,https://live.staticflickr.com/7397/11293297916_9df86aeb29_h_d.jpg,N,Public Domain,-2.3710191,51.3858834,
British Library,Image,Technical Schools,1898,A. T. Nicholds,,https://www.flickr.com/photos/britishlibrary/11293253764,https://live.staticflickr.com/3742/11293253764_2e95c42462_h_d.jpg,N,Public Domain,-2.3593247,51.3827431,
British Library,Image,Victoria Park Dairy,1898,A. T. Nicholds,,https://www.flickr.com/photos/britishlibrary/11293644394,https://live.staticflickr.com/3757/11293644394_b2e9d2750c_h_d.jpg,N,Public Domain,-2.3719633,51.3863119,
British Library,Image,Royal Crescent from Park Avenue,1898,A. T. Nicholds,,https://www.flickr.com/photos/britishlibrary/11293015256,https://live.staticflickr.com/3785/11293015256_436fe3608e_h_d.jpg,N,Public Domain,-2.3687285,51.3856959,
British Library,Image,St Mary's Church,1898,A. T. Nicholds,,https://www.flickr.com/photos/britishlibrary/11292862336,https://live.staticflickr.com/5493/11292862336_7014201b64_h_d.jpg,N,Public Domain,-2.3514014,51.3841024,
British Library,Image,Sham Castle,1898,A. T. Nicholds,,https://www.flickr.com/photos/britishlibrary/11292738183,https://live.staticflickr.com/3729/11292738183_8ebc67c658_h_d.jpg,N,Public Domain,-2.3380709,51.3822141,
British Library,Image,North Parade Bridge,1898,A. T. Nicholds,,https://www.flickr.com/photos/britishlibrary/11292496415,https://live.staticflickr.com/3780/11292496415_56a58abc11_h_d.jpg,N,Public Domain,-2.3546684,51.3804128,
British Library,Image,The Circus,1898,A. T. Nicholds,,https://www.flickr.com/photos/britishlibrary/11292342965,https://live.staticflickr.com/7372/11292342965_c0b0b7889b_h_d.jpg,N,Public Domain,-2.3644638,51.3860843,
British Library,Image,Victoria Park,1898,A. T. Nicholds,,https://www.flickr.com/photos/britishlibrary/11292152153,https://live.staticflickr.com/5505/11292152153_f8f45c4607_h_d.jpg,N,Public Domain,-2.3676825,51.3856759,
British Library,Image,Blue Coat School,1898,A. T. Nicholds,,https://www.flickr.com/photos/britishlibrary/11291889276,https://live.staticflickr.com/7346/11291889276_a42d79d6ea_h_d.jpg,N,Public Domain,-2.3622993,51.3822292,
British Library,Image,Parade Gardens,1898,A. T. Nicholds,,https://www.flickr.com/photos/britishlibrary/11291834814,https://live.staticflickr.com/7290/11291834814_07b8832f18_h_d.jpg,N,Public Domain,-2.3559558,51.3817588,
British Museum,Image,A North View of the City of Bath,1718-1719,Bernard Lens III,"1853,0409.76",https://www.britishmuseum.org/collection/object/P_1853-0409-76,https://media.britishmuseum.org/media/Repository/Documents/2014_10/5_2/e80c5acb_1172_433e_a067_a3bb002757fb/mid_00289514_001.jpg,N,CC BY-NC-SA 4.0,-2.3614919,51.3869731,
British Museum,Image,An East View of the City of Bath,1718-1719,Bernard Lens III,"1853,0409.75",https://www.britishmuseum.org/collection/object/P_1853-0409-75,https://media.britishmuseum.org/media/Repository/Documents/2014_10/5_2/a117a521_16f6_4761_82b9_a3bb002754b1/mid_00289567_001.jpg,N,CC BY-NC-SA 4.0,-2.3457634,51.3791053,
British Museum,Image,A South View of the City of Bath,1718-1719,Bernard Lens III,"1853,0409.77",https://www.britishmuseum.org/collection/object/P_1853-0409-77,https://media.britishmuseum.org/media/Repository/Documents/2014_10/5_2/99dab6d5_489e_4e9e_831a_a3bb00271d39/mid_00289541_001.jpg,N,CC BY-NC-SA 4.0,-2.3605692,51.3746519,
British Museum,Image,An East View of Bath Bridge,1718-1719,Bernard Lens III,"1853,0409.74",https://www.britishmuseum.org/collection/object/P_1853-0409-74,https://media.britishmuseum.org/media/Repository/Documents/2014_10/5_2/1b481ae5_0b5c_473f_b587_a3bb0026ff64/mid_00289571_001.jpg,N,CC BY-NC-SA 4.0,-2.3598799,51.3773106,
British Museum,Image,"Unmounted fan-leaf, with a view of the Orange Grove at Bath, showing the obelisk, garden, and surrounding buildings with figures and sedan chairs",1737,G. Speren,"1891,0713.456",https://www.britishmuseum.org/collection/object/P_1891-0713-456,https://media.britishmuseum.org/media/Repository/Documents/2014_10/5_18/72f3cc1d_9d30_497c_8913_a3bb012a7053/mid_00361423_001.jpg,N,CC BY-NC-SA 4.0,-2.3586005,51.3821722,
British Museum,Image,"Unmounted fan-leaf, with a view of the interior of the Pump-Room at Bath with many figures walking or sitting at tables",1737,G. Speren,"1891,0713.455",https://www.britishmuseum.org/collection/object/P_1891-0713-455,https://media.britishmuseum.org/media/Repository/Documents/2014_10/5_18/b76e3c8d_c2d3_4b3f_8a2b_a3bb012a6caf/mid_00361422_001.jpg,N,CC BY-NC-SA 4.0,-2.360006,51.3811528,
British Museum,Image,The Cross Bath,1738,John Fayram,"1960,0521.1",https://www.britishmuseum.org/collection/object/P_1960-0521-1,https://media.britishmuseum.org/media/Repository/Documents/2014_10/13_18/e00ba5b1_aec8_4ac8_8866_a3c3012ffc72/mid_00823042_001.jpg,N,CC BY-NC-SA 4.0,-2.3613685,51.3807192,
British Museum,Image,The north parade at Bath,1779,Thomas Malton,"1917,1208.3198",https://www.britishmuseum.org/collection/object/P_1917-1208-3198,https://media.britishmuseum.org/media/Repository/Documents/2014_11/1_2/cf203a51_92ec_40e9_b6df_a3d600268fd9/mid_01044915_001.jpg,N,CC BY-NC-SA 4.0,-2.355575,51.3808682,
British Museum,Image,The town hall at Bath,1779,Thomas Malton,"1917,1208.3199",https://www.britishmuseum.org/collection/object/P_1917-1208-3199,https://media.britishmuseum.org/media/Repository/Documents/2014_11/1_2/7491dfb2_bea5_4f99_8918_a3d600267359/mid_01044905_001.jpg,N,CC BY-NC-SA 4.0,-2.3592228,51.3825723,
British Museum,Image,The new rooms at Bath,1779,Thomas Malton,"1917,1208.3196",https://www.britishmuseum.org/collection/object/P_1917-1208-3196,https://media.britishmuseum.org/media/Repository/Documents/2014_11/1_2/575172a0_4f0f_46dd_afaf_a3d600266a72/mid_01044901_001.jpg,N,CC BY-NC-SA 4.0,-2.3582706,51.3828887,
British Museum,Image,A view of the Parade at Bath,1780-1790,Anonymous,"1988,0514.21",https://www.britishmuseum.org/collection/object/P_1988-0514-21,https://media.britishmuseum.org/media/Repository/Documents/2014_11/12_19/787b4560_a484_400d_b3b2_a3e101401985/mid_00125006_001.jpg,N,CC BY-NC-SA 4.0,-2.3573264,51.3808146,
British Museum,Image,"View on the river Avon at Bath; view looking east, with South Parade to the left, figures by the ferry station in the foreground",1790-1795,John Sanders,"2013,7037.1",https://www.britishmuseum.org/collection/object/P_2013-7037-1,https://media.britishmuseum.org/media/Repository/Documents/2014_11/8_15/74d1ad3e_80fd_4705_b613_a3dd00fcbcc2/mid_01376965_001.jpg,N,CC BY-NC-SA 4.0,-2.3545504,51.3796695,
British Museum,Image,Bath Hampton Ferry,1800,Anne Rudge,"1858,0417.397",https://www.britishmuseum.org/collection/object/P_1858-0417-397,https://media.britishmuseum.org/media/Repository/Documents/2014_10/14_13/120b3fa6_1f6c_404c_994a_a3c400dc6bb8/mid_00859972_001.jpg,N,CC BY-NC-SA 4.0,-2.3261082,51.4005644,
British Museum,Image,Dundas Aquaduct near Bath,1800-1805,Miss Haygarth,"1866,1110.995",https://www.britishmuseum.org/collection/object/P_1866-1110-995,https://media.britishmuseum.org/media/Repository/Documents/2014_11/2_1/8f411e3f_3d5a_498b_aa33_a3d7001f9165/mid_01082948_001.jpg,N,CC BY-NC-SA 4.0,-2.3105729,51.3599374,
British Museum,Image,"Sydney Gardens, Bath",1801,John Nixon,"1869,0814.1",https://www.britishmuseum.org/collection/object/P_1869-0814-1,https://media.britishmuseum.org/media/Repository/Documents/2014_10/4_22/446289da_5522_4f5b_85ae_a3ba0174242d/mid_00269007_001.jpg,N,CC BY-NC-SA 4.0,-2.3507255,51.3861613,
British Museum,Image,A View of Bath ,1823,Sir Charles Mordaunt,"1948,1026.2",https://www.britishmuseum.org/collection/object/P_1948-1026-2,https://media.britishmuseum.org/media/Repository/Documents/2014_10/5_0/e758c742_47b7_434c_ae15_a3bb000c391c/mid_00280856_001.jpg,N,CC BY-NC-SA 4.0,-2.3409569,51.3934672,
British Museum,Image,A View of Bath,1823,Sir Charles Mordaunt,"1948,1026.1",https://www.britishmuseum.org/collection/object/P_1948-1026-1,https://media.britishmuseum.org/media/Repository/Documents/2014_10/5_0/3daf072a_d189_45b9_a7aa_a3bb000c37a1/mid_00280855_001.jpg,N,CC BY-NC-SA 4.0,-2.3676074,51.37867,
British Museum,Image,"All Saints Chapel, Bath",1781-1834,George Cooke,"1879,0614.161",https://www.britishmuseum.org/collection/object/P_1879-0614-161,https://media.britishmuseum.org/media/Repository/Documents/2014_10/5_3/a8d1f792_f0c7_49b1_868d_a3bb003490fe/mid_00293262_001.jpg,N,CC BY-NC-SA 4.0,,,
British Museum,Image,The Baths and Pump Room,1840-1851,John Bastin,"1860,0714.611",https://www.britishmuseum.org/collection/object/P_1860-0714-611,https://media.britishmuseum.org/media/Repository/Documents/2014_10/15_7/c51b021b_afe0_4815_ae9c_a3c5007f5bef/mid_00922922_001.jpg,N,CC BY-NC-SA 4.0,-2.3604351,51.3814758,
British Museum,Image,"Pope, Allen & Warburon",1840-1870,E Kilvert,"1924,0308.276",https://www.britishmuseum.org/collection/object/P_1924-0308-276,https://media.britishmuseum.org/media/Repository/Documents/2014_11/10_19/b396d9f3_165c_48c9_983a_a3df014971dd/mid_01545000_001.jpg,N,CC BY-NC-SA 4.0,-2.3438001,51.3647205,
British Museum,Image,Bath Abbey & the institution,1847-1851,Mason Jackson,"1860,0714.725.726",https://www.britishmuseum.org/collection/object/P_1860-0714-725-726,https://media.britishmuseum.org/media/Repository/Documents/2014_11/2_20/2995a0db_89dc_4ed6_b69e_a3d701565bee/mid_01092905_001.jpg,N,CC BY-NC-SA 4.0,-2.3581713,51.3818492,
British Museum,Image,"Bath, Pulteney Bridge",1916-1918,Walter Sickert,"1919,0605.9",https://www.britishmuseum.org/collection/object/P_1919-0605-9,https://media.britishmuseum.org/media/Repository/Documents/2014_10/6_8/c60c12a0_d535_4589_9c8f_a3bc0091d61c/mid_00396538_001.jpg,N,CC BY-NC-SA 4.0,-2.3568329,51.3814708,
British Museum,Image,"Beechen Cliff, Bath",1917-18,Walter Sickert,"1931,1114.8",https://www.britishmuseum.org/collection/object/P_1931-1114-8,https://media.britishmuseum.org/media/Repository/Documents/2014_10/4_21/3fb7d7d2_0ca7_45d9_95bc_a3ba016a25ad/mid_00266466_001.jpg,N,CC BY-NC-SA 4.0,-2.3619895,51.3879958,
British Museum,Image,The new rooms at Bath,1779,Thomas Malton,"1917,1208.3196",https://www.britishmuseum.org/collection/object/P_1917-1208-3196,https://media.britishmuseum.org/media/Repository/Documents/2014_11/1_2/575172a0_4f0f_46dd_afaf_a3d600266a72/mid_01044901_001.jpg,N,CC BY-NC-SA 4.0,-2.3620337,51.3859905,
British Museum,Image,The King's bath and the Queen's bath at Bath,1675,Thomas Johnson,"1881,0611.85",https://www.britishmuseum.org/collection/object/P_1881-0611-85,https://media.britishmuseum.org/media/Repository/Documents/2014_10/3_17/de32ebcc_6370_4820_a6ca_a3b9011ad75c/mid_00210876_001.jpg,N,CC BY-NC-SA 4.0,,,
British Museum,Image,"Elevation of Beau Nash's first residence in Bath, St John's Court",1855,J. Lansdown,"1861,0810.102",https://www.britishmuseum.org/collection/object/P_1861-0810-102,https://media.britishmuseum.org/media/Repository/Documents/2014_10/5_6/e49d0035_1001_4a66_820f_a3bb006422da/mid_00307114_001.jpg,N,CC BY-NC-SA 4.0,,,
British Museum,Image,"View of Bath; from the E, looking over the Avon from Bathwick Meadows",1716-1770,Thomas Robins,"1875,0710.60",https://www.britishmuseum.org/collection/object/P_1875-0710-60,https://media.britishmuseum.org/media/Repository/Documents/2014_10/5_2/bd431959_bff2_4f71_b69a_a3bb00232054/mid_00288365_001.jpg,N,CC BY-NC-SA 4.0,,,
British Museum,Image,A Rope-ferry at Bath,1738-1820,Benjamin West,"1887,0613.5",https://www.britishmuseum.org/collection/object/P_1887-0613-5,https://media.britishmuseum.org/media/Repository/Documents/2014_10/5_0/f795deba_207d_4a5e_8020_a3bb0009fefd/mid_00280144_001.jpg,N,CC BY-NC-SA 4.0,,,
British Museum,Image,Royal Crescent Bath,1804,George Cooke,"1868,0612.744",https://www.britishmuseum.org/collection/object/P_1868-0612-744,https://media.britishmuseum.org/media/Repository/Documents/2017_12/7_15/26331433_90a1_47dc_92a5_a84200fe8d20/mid_ppa15007.jpg,N,CC BY-NC-SA 4.0,,,
British Museum,Image,Bath,1795,Joseph Mallord William Turner,"1875,1211.66",https://www.britishmuseum.org/collection/object/P_1875-1211-66,https://media.britishmuseum.org/media/Repository/Documents/2014_11/7_23/520200ca_db48_446b_a7c0_a3dc017eec8a/mid_01335208_001.jpg,N,CC BY-NC-SA 4.0,,,
British Museum,Image,View near Bath,1785,Thomas Malton,"1870,1008.264",https://www.britishmuseum.org/collection/object/P_1870-1008-264,https://media.britishmuseum.org/media/Repository/Documents/2014_10/13_19/31d8a49d_9acf_49ca_89d3_a3c3013ebdf4/mid_00828595_001.jpg,N,CC BY-NC-SA 4.0,,,
British Museum,Image,Bath by gaslight,1867,Edwin Edwards,"1889,0508.221",https://www.britishmuseum.org/collection/object/P_1889-0508-221,https://media.britishmuseum.org/media/Repository/Documents/2017_9/15_13/fd754b92_0ba1_4df5_9523_a7ef00dfbf4d/mid_ppa14831.jpg,N,CC BY-NC-SA 4.0,,,
British Museum,Image,The Hott and Cross Baths,1676,Thomas Johnson,"Q,8.129",https://www.britishmuseum.org/collection/object/P_Q-8-129,https://media.britishmuseum.org/media/Repository/Documents/2019_5/13_13/cbd90c49_3a48_43ee_9cbe_aa4c00d9c25b/mid_ppa474809.jpg,N,CC BY-NC-SA 4.0,,,
British Museum,Image,West front of the Abbey Church - Bath,c19th century,William Noble Hardwick,"1948,0217.97",https://www.britishmuseum.org/collection/object/P_1948-0217-97,https://media.britishmuseum.org/media/Repository/Documents/2019_5/13_13/e3c9e992_be63_4b6d_a359_aa4c00da1e38/mid_ppa474798.jpg,N,CC BY-NC-SA 4.0,,,
British Museum,Image,The Great Washed,1844,,"1858,0724.182",https://www.britishmuseum.org/collection/object/P_1858-0724-182,https://media.britishmuseum.org/media/Repository/Documents/2014_10/14_22/1e2f8d00_70c7_48f4_82fd_a3c40175e011/mid_00910844_001.jpg,N,CC BY-NC-SA 4.0,,,
British Museum,Image,"Trade card of Woodford, linen draper",1790,,"D,2.2805",https://www.britishmuseum.org/collection/object/P_D-2-2805,https://media.britishmuseum.org/media/Repository/Documents/2014_10/16_14/c3254f78_f4b8_4ad6_ad0f_a3c600ec7335/mid_01017210_001.jpg,N,CC BY-NC-SA 4.0,,,
British Museum,Image,The South prospect of Bathe,c17th Century,,"Q,8.127",https://www.britishmuseum.org/collection/object/P_Q-8-127,https://media.britishmuseum.org/media/Repository/Documents/2019_5/13_13/74762832_6b6e_4afb_904a_aa4c00e183b2/mid_ppa474822.jpg,N,CC BY-NC-SA 4.0,,,
British Museum,Image,Queen Square Bath,1804,George Cooke,"1868,0612.745",https://www.britishmuseum.org/collection/object/P_1868-0612-745,https://media.britishmuseum.org/media/Repository/Documents/2017_12/7_12/8d6992b4_882e_414e_9344_a84200d15c04/mid_ppa15008.jpg,N,CC BY-NC-SA 4.0,,,
British Museum,Image,A South East View of the City of Bath,1792,Thomas Hearne,"1897,1117.228",https://www.britishmuseum.org/collection/object/P_1897-1117-228,https://media.britishmuseum.org/media/Repository/Documents/2014_10/13_18/56feb6fe_8faf_4289_9200_a3c3012c4894/mid_00821877_001.jpg,N,CC BY-NC-SA 4.0,,,
British Museum,Image,"Monks mill, river Avon, Bath",c19th century,William Westall,"1928,1210.95",https://www.britishmuseum.org/collection/object/P_1928-1210-95,https://media.britishmuseum.org/media/Repository/Documents/2019_5/13_13/84be29c0_9a29_49e6_b12c_aa4c00e16190/mid_ppa474782.jpg,N,CC BY-NC-SA 4.0,,,
British Museum,Image,The Palladian Bridge - Prior Park Bath,c19th century,W A Williams,"1853,0709.552",https://www.britishmuseum.org/collection/object/P_1853-0709-552,https://media.britishmuseum.org/media/Repository/Documents/2019_5/13_13/1def3c77_e2e3_48e8_987b_aa4c00e03eda/mid_ppa474769.jpg,N,CC BY-NC-SA 4.0,,,
British Museum,Image,A perspective view of the Abbey Church of St Peter and Paul at Bath,1750,James Vertue,"1850,0223.688",https://www.britishmuseum.org/collection/object/P_1850-0223-688,https://media.britishmuseum.org/media/Repository/Documents/2015_8/18_8/a9f97572_bab1_4452_8213_a4f8008730e4/mid_ppa317386.jpg,N,CC BY-NC-SA 4.0,,,
British Museum,Image,"Trade card of Minchin, milliner",1780,,"Banks,86.77",https://www.britishmuseum.org/collection/object/P_Banks-86-77,https://media.britishmuseum.org/media/Repository/Documents/2014_10/16_15/cb90adc7_08eb_41f9_9716_a3c60106d334/mid_01024956_001.jpg,N,CC BY-NC-SA 4.0,,,
British Museum,Image,South view of Broad Street in Bath,1854-1856,William Harvey,"1860,0714.766",https://www.britishmuseum.org/collection/object/P_1860-0714-766,https://media.britishmuseum.org/media/Repository/Documents/2018_3/19_14/d2ed815b_a713_470a_92eb_a8a800ec2912/mid_ppa24723.jpg,N,CC BY-NC-SA 4.1,,,
British Museum,Image,Abbey Church and Orange Grove,c19th century,Paul Woodroffe,"1948,0217.96",https://www.britishmuseum.org/collection/object/P_1948-0217-96,https://media.britishmuseum.org/media/Repository/Documents/2019_5/13_13/ff77a987_cfbb_4972_a857_aa4c00daf911/mid_ppa474795.jpg,N,CC BY-NC-SA 4.2,,,
British Museum,Image,The South East View of Bath,c18th century,Joseph Ryland,"1981,U.2377",https://www.britishmuseum.org/collection/object/P_1981-U-2377,https://media.britishmuseum.org/media/Repository/Documents/2019_5/13_13/34be5b5d_873a_48fa_8fcc_aa4c00e2e081/mid_ppa474753.jpg,N,CC BY-NC-SA 4.3,,,
British Museum,Image,Bathe,c17th century,,"1981,U.2374",https://www.britishmuseum.org/collection/object/P_1981-U-2374,https://media.britishmuseum.org/media/Repository/Documents/2019_5/13_13/a7ab8edb_ebb8_4f02_9c27_aa4c00ddedc9/ppa474754.jpg,N,CC BY-NC-SA 4.4,,,
British Museum,Image,View of Pulteney Bridge in Bath with St Michael's church on the background;,1854-1856,William Harvey,"1860,0714.727",https://www.britishmuseum.org/collection/object/P_1860-0714-727,https://media.britishmuseum.org/media/Repository/Documents/2018_3/19_14/23d19ce7_9536_4471_ac14_a8a800ee09bd/mid_ppa24725.jpg,N,CC BY-NC-SA 4.5,,,
British Museum,Image,Bath from Beachen Cliff,c19th century,Thomas Hosmer Shepherd,"1900,1231.1526",https://www.britishmuseum.org/collection/object/P_1900-1231-1526,https://media.britishmuseum.org/media/Repository/Documents/2019_5/13_13/a322a41e_e294_422d_ac9e_aa4c00e3036b/mid_ppa474784.jpg,N,CC BY-NC-SA 4.6,,,
British Museum,Image,The Cathedral Church of Bath,1722,,"1952,0211.41",https://www.britishmuseum.org/collection/object/P_1952-0211-41,https://media.britishmuseum.org/media/Repository/Documents/2019_8/8_13/60ccc70d_e317_499a_a6bb_aaa300dc5303/mid_ppa478104.jpg,N,CC BY-NC-SA 4.7,,,
British Museum,Image,The South Prospect of the Cathedral Church of Bath,c17th century,,"Q,8.128",https://www.britishmuseum.org/collection/object/P_Q-8-128,https://media.britishmuseum.org/media/Repository/Documents/2019_5/13_13/d410aa7e_1935_4ec0_80b6_aa4c00db24af/mid_ppa474805.jpg,N,CC BY-NC-SA 4.8,,,
British Museum,Image,"The King's Bath pump room, and colonnade",c19th century,Thomas Hosmer Shepherd,"1928,1210.53",https://www.britishmuseum.org/collection/object/P_1928-1210-53,https://media.britishmuseum.org/media/Repository/Documents/2019_5/13_13/3d8a9de2_5df6_4c32_ac07_aa4c00de9cb4/mid_ppa474778.jpg,N,CC BY-NC-SA 4.9,,,
British Museum,Image,"Literary Institution & cathedral, from North Parade",c19th century,Thomas Hosmer Shepherd,"1928,1210.52",https://www.britishmuseum.org/collection/object/P_1928-1210-52,https://media.britishmuseum.org/media/Repository/Documents/2019_5/13_13/11354063_3129_42e1_8d13_aa4c00e09613/mid_ppa474780.jpg,N,CC BY-NC-SA 4.10,,,
British Museum,Image,Bridge and railway; in Bath,1847-1851,Mason Jackson,"1860,0714.874",https://www.britishmuseum.org/collection/object/P_1860-0714-874,https://media.britishmuseum.org/media/Repository/Documents/2014_11/2_20/ef198561_67a8_4e11_94bf_a3d701568c8b/mid_01092929_001.jpg,N,CC BY-NC-SA 4.11,,,
British Museum,Image,"The Guildhall and Cathedral, from the High Street",1829,Thomas Hosmer Shepherd,"1900,1231.1527",https://www.britishmuseum.org/collection/object/P_1900-1231-1527,https://media.britishmuseum.org/media/Repository/Documents/2019_5/13_13/590e3ac9_e5c5_47e6_b4f1_aa4c00deb86b/mid_ppa474790.jpg,N,CC BY-NC-SA 4.12,,,
British Museum,Image,"Abbey Church, Bath",1797,,"1875,0710.5214",https://www.britishmuseum.org/collection/object/P_1875-0710-5214,https://media.britishmuseum.org/media/Repository/Documents/2019_5/13_13/7b660096_62c2_47ab_b5a4_aa4c00ded4a5/mid_ppa474791.jpg,N,CC BY-NC-SA 4.13,,,
British Museum,Image,Bath,1795,John Walker,"1862,0712.905",https://www.britishmuseum.org/collection/object/P_1862-0712-905,https://media.britishmuseum.org/media/Repository/Documents/2014_10/10_12/3efeed80_fcbf_48ae_94e1_a3c000cb4d94/mid_00553485_001.jpg,N,CC BY-NC-SA 4.14,,,
British Museum,Image,Comforts of Bath. Plate 7.,1798,Thomas Rowlandson,"1871,0812.3569",https://www.britishmuseum.org/collection/object/P_1871-0812-3569,https://media.britishmuseum.org/media/Repository/Documents/2014_9/30_8/9927436b_08a2_4a24_a6d5_a3b6008ea904/mid_00183748_001.jpg,N,CC BY-NC-SA 4.15,,,
British Museum,Image,"Prior Park in Somersetshire, the Seat of Mrs Smith",1785,Thomas Hearne,"1946,0710.305",https://www.britishmuseum.org/collection/object/P_1946-0710-305,https://media.britishmuseum.org/media/Repository/Documents/2019_5/9_14/7559be70_e16f_474b_8ebd_aa4800e82582/mid_ppa474918.jpg,N,CC BY-NC-SA 4.16,,,
British Museum,Image,The new bridge at Bath,1779,Thomas Malton,"1917,1208.3197",https://www.britishmuseum.org/collection/object/P_1917-1208-3197,https://media.britishmuseum.org/media/Repository/Documents/2014_11/1_2/53e38581_69c9_4912_8cf4_a3d6002663a0/mid_01044899_001.jpg,N,CC BY-NC-SA 4.17,,,
British Museum,Image,"Quin's Monument, Bath",1790,John Nixon,"1875,0710.5374",https://www.britishmuseum.org/collection/object/P_1875-0710-5374,https://media.britishmuseum.org/media/Repository/Documents/2014_10/14_18/d05e00db_83df_46c2_b5ac_a3c401386fc1/mid_00888993_001.jpg,N,CC BY-NC-SA 4.18,,,
Old Ilustrations,Image,Nave of Bath Abbey,1820-01-01,Frederick MacKenzie,,http://www.oldbookillustrations.com/illustrations/bath-nave/,https://www.oldbookillustrations.com/wp-content/high-res/1814-1835/bath-nave-1200.jpg,N,Public Domain,-2.3587936,51.3814239,https://archive.org/details/cathedralantiqui00brit/page/n97/mode/2up
Old Ilustrations,Image,West Front of Bath Abbey Church,1820-01-01,Frederick MacKenzie,,http://www.oldbookillustrations.com/illustrations/bath-abbey/,https://www.oldbookillustrations.com/wp-content/high-res/1814-1835/bath-abbey-1200.jpg,N,Public Domain,-2.3597458,51.3814055,https://archive.org/details/cathedralantiqui00brit/page/n85/mode/2up
Old Ilustrations,Image,Bath Abbey - South Side from South East Angle,1825-01-01,Frederick MacKenzie,,http://www.oldbookillustrations.com/illustrations/bath-church-south/,https://www.oldbookillustrations.com/wp-content/high-res/1814-1835/bath-church-south-1200.jpg,N,Public Domain,-2.3584825,51.3812214,https://archive.org/details/cathedralantiqui00brit/page/60/mode/2up
Old Ilustrations,Image,Bath Abbey - West Front,1820-01-01,Frederick MacKenzie,,https://www.oldbookillustrations.com/illustrations/bath-abbey/,https://www.oldbookillustrations.com/wp-content/high-res/1814-1835/bath-abbey-1200.jpg,N,Public Domain,,,https://archive.org/details/cathedralantiqui00brit/page/n85/mode/2up
Internet Archive,Image,Bath Abbey - East Side,1824-08,Frederick MacKenzie,,https://archive.org/details/cathedralantiqui00brit/page/n92/mode/1up,,N,Public Domain,,,https://archive.org/details/cathedralantiqui00brit/page/n92/mode/1up
Internet Archive,Image,View of the Nave looking east,1825-01-01,Frederick MacKenzie,,https://archive.org/details/cathedralantiqui00brit/page/n92/mode/1up,,N,Public Domain,,,https://archive.org/details/cathedralantiqui00brit/page/n92/mode/1up
Library of Congress,Image,Prior Park College with Palladian Bridge,1890-1900,,LC-DIG-ppmsc-08000,http://www.loc.gov/pictures/item/2002696372/,https://tile.loc.gov/storage-services/service/pnp/ppmsc/08000/08000v.jpg,N,Public Domain,-2.3452806,51.3703337,
Library of Congress,Image,"Roman Baths and Abbey, III, Bath, England",1890-1900,,LC-DIG-ppmsc-07997,http://www.loc.gov/pictures/item/2002696369/,https://tile.loc.gov/storage-services/service/pnp/ppmsc/07900/07997v.jpg,N,Public Domain,-2.3595661,51.3809033,
Library of Congress,Image,"Roman Baths and Abbey, II, Bath, England",1890-1900,,LC-DIG-ppmsc-07996,http://www.loc.gov/pictures/item/2002696368/,https://tile.loc.gov/storage-services/service/pnp/ppmsc/07900/07996v.jpg,N,Public Domain,-2.3592523,51.3810121,
Library of Congress,Image,"Roman Baths and Abbey, IV, Bath, England",1890-1900,,LC-DIG-ppmsc-07998,http://www.loc.gov/pictures/item/2002696370/,https://tile.loc.gov/storage-services/service/pnp/ppmsc/07900/07998v.jpg,N,Public Domain,-2.3596385,51.3809217,
Library of Congress,Image,"Roman Baths and Abbey, Bath, England",1890-1900,,LC-DIG-ppmsc-07995,http://www.loc.gov/pictures/item/2002696367/,https://tile.loc.gov/storage-services/service/pnp/ppmsc/07900/07995v.jpg,N,Public Domain,-2.3592764,51.3809569,
Library of Congress,Image,"The Abbey, from the bridge, Bath, England",1890-1900,,LC-DIG-ppmsc-07994,http://www.loc.gov/pictures/item/2002696365/,https://tile.loc.gov/storage-services/service/pnp/ppmsc/07900/07994v.jpg,N,Public Domain,-2.3553658,51.3808615,
Library of Congress,Image,"From Beechen Cliff, Bath, England",1890-1900,,LC-DIG-ppmsc-07993,http://www.loc.gov/pictures/item/2002696364/,https://tile.loc.gov/storage-services/service/pnp/ppmsc/07900/07993v.jpg,N,Public Domain,-2.3590457,51.3746134,
Library of Congress,Image,"Roman Baths and Abbey, Circular Bath, Bath, England",1890-1900,,LC-DIG-ppmsc-07999,http://www.loc.gov/pictures/item/2002696371/,https://tile.loc.gov/storage-services/service/pnp/ppmsc/07900/07999v.jpg,N,Public Domain,-2.3597968,51.380915,
Library of Congress,Image,Bath - the pump room &c,1804-11,John Hill,LC-DIG-pga-07071,http://www.loc.gov/pictures/item/2004679031/,https://tile.loc.gov/storage-services/service/pnp/pga/07000/07071v.jpg,N,Public Domain,-2.3595675,51.3814783,
Library of Congress,Image,"High Street, Bath, England",1890-1900,,LC-DIG-ppmsc-08001,http://www.loc.gov/pictures/item/2002696373/,https://tile.loc.gov/storage-services/service/pnp/ppmsc/08000/08001v.jpg,N,Public Domain,-2.358917,51.3815244,
Library of Congress,Image,Bath Abbey,1910-1920,,LC-DIG-det-4a24697,https://www.loc.gov/pictures/item/2016814026/,https://tile.loc.gov/storage-services/service/pnp/det/4a20000/4a24000/4a24600/4a24697v.jpg,N,Public Domain,-2.3598585,51.3814558,
Library of Congress,Image,"Abbey Church, Bath, England",1897,,LC-DIG-stereo-1s22085,https://www.loc.gov/pictures/item/2019637546/,https://tile.loc.gov/storage-services/service/pnp/stereo/1s20000/1s22000/1s22000/1s22085v.jpg,N,Public Domain,,,
Library of Congress,Image,"Ancient Roman baths, supposed to have been founded by the Emperor Claudius (1st. Century), Bath, England",1902,,LC-DIG-stereo-1s22086,https://www.loc.gov/pictures/item/2019637547/,https://tile.loc.gov/storage-services/service/pnp/stereo/1s20000/1s22000/1s22000/1s22086v.jpg,N,Public Domain,,,
Library of Congress,Image,"The ancient swimming pool at Bath, dating from rules of Roman rule, Eng.",1914,,LC-DIG-stereo-1s22084,https://www.loc.gov/pictures/item/2019637545/,https://tile.loc.gov/storage-services/service/pnp/stereo/1s20000/1s22000/1s22000/1s22084v.jpg,N,Public Domain,,,
Library of Congress,Image,Bath Abbey,1890-1906,,LC-DIG-ppmsca-52348,https://www.loc.gov/pictures/item/2017659171/,https://tile.loc.gov/storage-services/service/pnp/ppmsca/52300/52348v.jpg,N,Public Domain,,,
Library of Congress,Image,A modern belle going to the rooms at Bath,1796-01-13,James Gillray,LC-USZ62-138876,https://www.loc.gov/pictures/item/2009634189/,https://tile.loc.gov/storage-services/service/pnp/cph/3c30000/3c38000/3c38800/3c38876v.jpg,N,Public Domain,,,
Library of Congress,Image,Bath. Grand Pump Room,1890-1906,Photoglob Co.,LC-DIG-ppmsca-52347,https://www.loc.gov/pictures/item/2017659170/,https://tile.loc.gov/storage-services/service/pnp/ppmsca/52300/52347v.jpg,N,Public Domain,,,
Wellcome Collection,Image,"The bath house, Bath, Somerset",1809-05-01,P. Amsinck,15493i,https://wellcomecollection.org/works/wdz39xnk,https://iiif.wellcomecollection.org/image/V0012188.jpg/full/full/0/default.jpg,N,CC-BY 4.0,,,
Wellcome Collection,Image,"General Hospital, Bath, England",1819-04-01,H.S. Storer,24306i,https://wellcomecollection.org/works/rqqk53x4,https://iiif.wellcomecollection.org/image/V0014780.jpg/full/full/0/default.jpg,N,CC-BY 4.0,,,
Wellcome Collection,Image,"Bath, Somerset: bathers and onlookers in the courtyard containing the royal baths and great pump room, with a statue of King Bladud, founder of the baths",1760,Thomas Robins,15486i,https://wellcomecollection.org/works/xqvusjmx,https://iiif.wellcomecollection.org/image/V0012186.jpg/full/full/0/default.jpg,N,CC-BY 4.0,,,
Wellcome Collection,Image,"Society figures strolling along the parade, Bath",1780,,15454i,https://wellcomecollection.org/works/xq6pxn37,https://iiif.wellcomecollection.org/image/L0014340.jpg/full/full/0/default.jpg,N,CC-BY 4.0,,,
Wellcome Collection,Image,"The pump room, Bath",1818-12-01,H.S. Storer,15482i,https://wellcomecollection.org/works/v6ud4tbm,https://iiif.wellcomecollection.org/image/V0012185.jpg/full/full/0/default.jpg,N,CC-BY 4.0,,,
Wellcome Collection,Image,Street scene showing the baths and pump room,1841-05-04,,15469i,https://wellcomecollection.org/works/jm48r32y,https://iiif.wellcomecollection.org/image/L0012369.jpg/full/full/0/default.jpg,N,CC-BY 4.0,,,
Wellcome Collection,Image,"""Road leading to Maudlin Chapel"" and ""Cross Bath""",1829-10-10,T.H. Shepherd,15494i,https://wellcomecollection.org/works/uk4dwn27,https://iiif.wellcomecollection.org/image/V0012189.jpg/full/full/0/default.jpg,N,CC-BY 4.0,,,
Wellcome Collection,Image,Lansdowne college and surrounding grounds,1858-03-20,J. Wilson,15505i,https://wellcomecollection.org/works/upnm7eg8,https://iiif.wellcomecollection.org/image/V0012191.jpg/full/full/0/default.jpg,N,CC-BY 4.0,,,
Wellcome Collection,Image,Royal pump room and colonnade,1829-03-28,T.H. Shepherd,15503i,https://wellcomecollection.org/works/q8ew2rs5,https://iiif.wellcomecollection.org/image/L0012371.jpg/full/full/0/default.jpg,N,CC-BY 4.0,,,
Wellcome Collection,Image,The cathedral and literary institution from North Parade,1829-03-28,T.H. Shepherd,15502i,https://wellcomecollection.org/works/uk95nscr,https://iiif.wellcomecollection.org/image/L0012370.jpg/full/full/0/default.jpg,N,CC-BY 4.0,,,
Wellcome Collection,Image,A busy street scene with the baths and pump room,c19th century,A. Woodroffe,15474i,https://wellcomecollection.org/works/vgepkmqd,https://iiif.wellcomecollection.org/image/V0012182.jpg/full/full/0/default.jpg,N,CC-BY 4.0,,,
Wellcome Collection,Image,"""Entrance to Bath from South Side of the Bridge"" and ""The Hot Baths and New Infirmary""",1829-03-28,T.H. Shepherd,15498i,https://wellcomecollection.org/works/udwt5wff,https://iiif.wellcomecollection.org/image/L0007534.jpg/full/full/0/default.jpg,N,CC-BY 4.0,,,
Wikimedia,Image,Bath Abbey,1875,,,"https://commons.wikimedia.org/wiki/File:Bath_Abbey,_1875.jpg",https://upload.wikimedia.org/wikipedia/commons/b/b1/Bath_Abbey%2C_1875.jpg,N,Public Domain,,,
Smithsonian,Image,"Pulteney Bridge, Bath--Twilight",,Esther Blaikie MacKinnon,saam_1965.8.11,https://www.si.edu/object/pulteney-bridge-bath-twilight:saam_1965.8.11,https://ids.si.edu/ids/download?id=SAAM-1965.8.11_1_screen,N,CC0,,,
British Library,Image,A MAP of the COUNTRY Eleven Miles round the City of BATH,1790,,K.Top.37.8,https://www.flickr.com/photos/britishlibrary/50264276298,https://live.staticflickr.com/65535/50264276298_3386bda55f_k_d.jpg,Y,Public Domain,,,
British Library,Image,HIGH STREET BATH,1793-11-21,John Sanders,K.Top.37.26.d.1,https://www.flickr.com/photos/britishlibrary/50264944436/,https://live.staticflickr.com/65535/50264944436_a232d92f72_k_d.jpg,N,Public Domain,,,
British Library,Image,A PLAN of the CITY & SUBURBS of BATH according to the latest Improvements,1770-1771,John Basnett,K.Top.37.16,https://www.flickr.com/photos/britishlibrary/50264297108/,https://live.staticflickr.com/65535/50264297108_9bd2b8172b_k_d.jpg,Y,Public Domain,,,
British Library,Image,A NEW AND CORRECT PLAN of the CITY OF BATH,1810,Benjamin Donne,K.Top.37.23,https://www.flickr.com/photos/britishlibrary/50264295778/,https://live.staticflickr.com/65535/50264295778_ea001a09d3_k_d.jpg,Y,Public Domain,,,
British Library,Image,BATH,1790-1810,,K.Top.37.25.h,https://www.flickr.com/photos/britishlibrary/50265130602/,https://live.staticflickr.com/65535/50265130602_b95e2706fc_k_d.jpg,N,Public Domain,,,
British Library,Image,"A PLAN of the CITY of BATH, in the County of Somerset",1736,John Wood,K.Top.37.14,https://www.flickr.com/photos/britishlibrary/50264949326/,https://live.staticflickr.com/65535/50264949326_d23d706b1f_k_d.jpg,Y,Public Domain,,,
British Library,Image,The Hot Bath,1738-01-27,John Fayram,K.Top.37.28.m,https://www.flickr.com/photos/britishlibrary/50264938171/,https://live.staticflickr.com/65535/50264938171_940e216d7f_k_d.jpg,N,Public Domain,,,
British Library,Image,A Map of 5 Miles around the City of Bath,1787-03-25,Thomas Thorpe,K.Top.37.11,https://www.flickr.com/photos/britishlibrary/50264298123/,https://live.staticflickr.com/65535/50264298123_b6b47a730a_k_d.jpg,Y,Public Domain,,,
British Library,Image,A New and Correct Plan of the City of Bath and Places adjacent,1764,,K.Top.37.15,https://www.flickr.com/photos/britishlibrary/50265133152/,https://live.staticflickr.com/65535/50265133152_f0ae4e131e_k_d.jpg,Y,Public Domain,,,
British Library,Image,THE NORTH PARADE AT BATH,1779-03-03,James Gandon,K.Top.37.26.a.2,https://www.flickr.com/photos/britishlibrary/50265129832/,https://live.staticflickr.com/65535/50265129832_f708d099cb_k_d.jpg,N,Public Domain,,,
British Library,Image,QUEENS SQUARE AT BATH,1784-12-05,Thomas Malton,K.Top.37.26.b.2,https://www.flickr.com/photos/britishlibrary/50265129527/,https://live.staticflickr.com/65535/50265129527_972f75f24b_k_d.jpg,N,Public Domain,,,
British Library,Image,PULTENEY BRIDGE at BATH,1788-12-31,Thomas Malton,K.Top.37.26.c.4,https://www.flickr.com/photos/britishlibrary/50264944631/,https://live.staticflickr.com/65535/50264944631_798646ef0e_k_d.jpg,N,Public Domain,,,
British Library,Image,A Map of 5 Miles around the City of Bath,1773-03-25,Thomas Thorpe,K.Top.37.10,https://www.flickr.com/photos/britishlibrary/50264950176/,https://live.staticflickr.com/65535/50264950176_938cfd9a44_k_d.jpg,Y,Public Domain,,,
British Library,Image,A NORTH-EAST VIEW of the CITY of BATH taken from the RISING-GROUND beyond the VILLA GARDENS,1787-10-15,Samuel Alken,K.Top.37.25.e,https://www.flickr.com/photos/britishlibrary/50265130812/,https://live.staticflickr.com/65535/50265130812_7d48fdf4c8_k_d.jpg,N,Public Domain,,,
British Library,Image,A Prospect of ye Kings Bath in ye City of Bath,1750-1760,James Mynde,K.Top.37.28.p,https://www.flickr.com/photos/britishlibrary/50265121007/,https://live.staticflickr.com/65535/50265121007_f6ff15d673_k_d.jpg,N,Public Domain,,,
British Library,Image,"Done by the Encouragement and Subscription of the NOBILITY, LADIES and GENTLEMEN, and the Principal Inhabitants of BATH",1750-10-01,George Vertue,K.Top.37.27.h,https://www.flickr.com/photos/britishlibrary/50264940566/,https://live.staticflickr.com/65535/50264940566_84cf1d127c_k_d.jpg,N,Public Domain,,,
British Library,Image,To the Right Hon.ble THE RECORDER The Right Honorable Representatives and Gentlemen of the Corporation of the CITY of BATH This Plan is most humbly Dedicated,1795,Charles Harcourt Masters,K.Top.37.21,https://www.flickr.com/photos/britishlibrary/50265132412/,https://live.staticflickr.com/65535/50265132412_02c8ba58e5_k_d.jpg,Y,Public Domain,,,
British Library,Image,The Pump Room adjoining to the Kings Bath,1738-01-27,John Fayram,K.Top.37.28.n,https://www.flickr.com/photos/britishlibrary/50264285728/,https://live.staticflickr.com/65535/50264285728_e078f588a5_k_d.jpg,N,Public Domain,,,
British Library,Image,"PART of the NORTH PARADE, BATH, taken from the opposite side of the River, near the new Bridge",1788,William Payne,K.Top.37.26.f,https://www.flickr.com/photos/britishlibrary/50264292053/,https://live.staticflickr.com/65535/50264292053_b2e775c869_k_d.jpg,N,Public Domain,,,
British Library,Image,THE CITY OF BATH,1717,Joseph Gillmore,K.Top.37.13,https://www.flickr.com/photos/britishlibrary/50265133287/,https://live.staticflickr.com/65535/50265133287_24b067cf35_k_d.jpg,Y,Public Domain,,,
British Library,Image,"THE NEW BRIDGE, BATH, & part of the SOUTH PARADE, taken near the Ferry",1788,William Payne,K.Top.37.26.i,https://www.flickr.com/photos/britishlibrary/50264291763/,https://live.staticflickr.com/65535/50264291763_4c9a98a29c_k_d.jpg,N,Public Domain,,,
British Library,Image,A New PLAN of the CITY OF BATH,1792,William Taylor,K.Top.37.19,https://www.flickr.com/photos/britishlibrary/50265132677/,https://live.staticflickr.com/65535/50265132677_b909bf52e1_k_d.jpg,Y,Public Domain,,,
British Library,Image,THE TOWN HALL AT BATH,1779-03-03,James Gandon,K.Top.37.26.a.1,https://www.flickr.com/photos/britishlibrary/50264294318/,https://live.staticflickr.com/65535/50264294318_45c749a70b_k_d.jpg,N,Public Domain,,,
British Library,Image,The West end of the Abbey Church in Bath,1711-1733,,K.Top.37.27.e,https://www.flickr.com/photos/britishlibrary/50264940916/,https://live.staticflickr.com/65535/50264940916_286306d86f_k_d.jpg,N,Public Domain,,,
British Library,Image,"SOMERSET BUILDINGS in MILSOM STREET, BATH",1788-12-15,Thomas Malton,K.Top.37.26.c.2,https://www.flickr.com/photos/britishlibrary/50264945446/,https://live.staticflickr.com/65535/50264945446_f6795f8191_k_d.jpg,N,Public Domain,,,
British Library,Image,The Cathedral Church of BATH,1724,Joseph Smith,K.Top.37.27.d,https://www.flickr.com/photos/britishlibrary/50265124912/,https://live.staticflickr.com/65535/50265124912_bc0553c42b_k_d.jpg,N,Public Domain,,,
British Library,Image,WEST FRONT of the ABBEY CHURCH at BATH,1788-12-31,Thomas Malton,K.Top.37.26.c.3,https://www.flickr.com/photos/britishlibrary/50264292693/,https://live.staticflickr.com/65535/50264292693_67ff281876_k_d.jpg,N,Public Domain,,,
British Library,Image,The Cross Bath,1738-01-27,John Fayram,K.Top.37.28.o,https://www.flickr.com/photos/britishlibrary/50264285058/,https://live.staticflickr.com/65535/50264285058_04df9b080f_k_d.jpg,N,Public Domain,,,
British Library,Image,Ichnography of the Cross Bath at Bath,1691,Thomas Guidott,K.Top.37.28.i,https://www.flickr.com/photos/britishlibrary/50264286293/,https://live.staticflickr.com/65535/50264286293_64a240573d_k_d.jpg,Y,Public Domain,,,
British Library,Image,PRIOR PARK the Seat of Ralph Allen Esqr near Bath,1752-12-12,Anthony Walker,K.Top.38.15.4,https://www.flickr.com/photos/britishlibrary/50264250078/,https://live.staticflickr.com/65535/50264250078_861890c838_k_d.jpg,N,Public Domain,,,
British Library,Image,NORTH EAST VIEW OF THE ABBEY CHURCH AT BATH,1784-12-15,James Gandon,K.Top.37.26.b.3,https://www.flickr.com/photos/britishlibrary/50265129427/,https://live.staticflickr.com/65535/50265129427_00d5fe7b16_k_d.jpg,N,Public Domain,,,
British Library,Image,An ACTUAL SURVEY of the CITY of BATH in the County of Somerset and of Five Miles Round,1743-1744,Thomas Thorpe,K.Top.37.9.2,https://www.flickr.com/photos/britishlibrary/50264276218/,https://live.staticflickr.com/65535/50264276218_ed5296bc92_k_d.jpg,Y,Public Domain,,,
British Library,Image,Ichnography of the King's and Queen's Baths at Bath,1691,Thomas Guidott,K.Top.37.28.k,https://www.flickr.com/photos/britishlibrary/50265122347/,https://live.staticflickr.com/65535/50265122347_c5a1ca7531_k_d.jpg,Y,Public Domain,,,
British Library,Image,A PLAN OF THE COMMONS BELONGING TO THE FREEMEN of BATH,1770-1790,,K.Top.37.24,https://www.flickr.com/photos/britishlibrary/50264947551/,https://live.staticflickr.com/65535/50264947551_9a70c3467e_k_d.jpg,Y,Public Domain,,,
British Library,Image,North East View of Improvements for the Lower Town of the City of Bath,1800,Frederick Christian Lewis,K.Top.37.26.n,https://www.flickr.com/photos/britishlibrary/50264942746/,https://live.staticflickr.com/65535/50264942746_1c07005921_k_d.jpg,N,Public Domain,,,
British Library,Image,The City of Bath 1727,1727,Andrew Benjamin Lens,K.Top.37.25.b,https://www.flickr.com/photos/britishlibrary/50264947386/,https://live.staticflickr.com/65535/50264947386_d0d85e2ca8_k_d.jpg,N,Public Domain,,,
British Library,Image,THE ABBEY CHURCH BATH,1793-11-21,John Sanders,K.Top.37.27.g,https://www.flickr.com/photos/britishlibrary/50265124572/,https://live.staticflickr.com/65535/50265124572_0c8cb1b951_k_d.jpg,N,Public Domain,,,
British Library,Image,THE CIRCUS AT BATH,1784-12-15,Thomas Malton,K.Top.37.26.b.1,https://www.flickr.com/photos/britishlibrary/50265129602/,https://live.staticflickr.com/65535/50265129602_b7a2427d38_k_d.jpg,N,Public Domain,,,
British Library,Image,THE SOUTH EAST PROSPECT OF THE CITY OF BATH,1734/1774,Samuel Buck,K.Top.37.25.c,https://www.flickr.com/photos/britishlibrary/50264295393/,https://live.staticflickr.com/65535/50264295393_e95786d4c1_k_d.jpg,N,Public Domain,,,
British Library,Image,A SOUTH-WEST VIEW of the CITY of BATH taken from a FIELD adjoining the NEW-WELLS ROAD,1787-10-15,Samuel Alken,K.Top.37.25.f,https://www.flickr.com/photos/britishlibrary/50264946956/,https://live.staticflickr.com/65535/50264946956_0588118516_k_d.jpg,N,Public Domain,,,
British Library,Image,Claverton House near Bath ye Seat of Skrine esr 1738 purchased by Ralph Allen Esqr,1811-01-28,Alexander Beugo,K.Top.38.13.2,https://www.flickr.com/photos/britishlibrary/50264903776/,https://live.staticflickr.com/65535/50264903776_4c9a1c8f92_k_d.jpg,N,Public Domain,,,
British Library,Image,A View of TWIVERTON LOCKS on the RIVER AVON near BATH,1730-1760,,K.Top.38.32.b,https://www.flickr.com/photos/britishlibrary/50264900596/,https://live.staticflickr.com/65535/50264900596_d5e01d40fa_k_d.jpg,N,Public Domain,,,
British Library,Image,A colored plan of the Roman baths and stoves discovered in 1755 under the Abbey house at Bath,1759,,K.Top.37.28.b,https://www.flickr.com/photos/britishlibrary/50264940076/,https://live.staticflickr.com/65535/50264940076_4818f0a440_k_d.jpg,Y,Public Domain,,,
British Library,Image,A NEW and CORRECT PLAN of the CITY of BATH,1780,William Frederick,K.Top.37.17,https://www.flickr.com/photos/britishlibrary/50264296953/,https://live.staticflickr.com/65535/50264296953_9c5c663b1d_k_d.jpg,Y,Public Domain,,,
British Library,Image,"Entrance to WICK, near BATH",1807-04-24,Francis Jukes,K.Top.37.29.d,https://www.flickr.com/photos/britishlibrary/50264284563/,https://live.staticflickr.com/65535/50264284563_83547c8e71_k_d.jpg,N,Public Domain,,,
British Library,Image,A PLAN of the ROMAN BATHS and STOVES discovered under the Abby House at Bath 1755,1756,,K.Top.37.28.a,https://www.flickr.com/photos/britishlibrary/50265124112/,https://live.staticflickr.com/65535/50265124112_777c28243d_k_d.jpg,Y,Public Domain,,,
British Library,Image,"WICK, near BATH",1807-04-24,Francis Jukes,K.Top.37.29.c,https://www.flickr.com/photos/britishlibrary/50265120752/,https://live.staticflickr.com/65535/50265120752_b162ef97b2_k_d.jpg,N,Public Domain,,,
British Library,Image,View near Bath on the road to Hampton,1810-05-29,Thomas Cartwright,K.Top.37.30.d,https://www.flickr.com/photos/britishlibrary/50264283173/,https://live.staticflickr.com/65535/50264283173_02c69c115a_k_d.jpg,N,Public Domain,,,
British Library,Image,"View of Kilweston near Bath, the Seat of Sir Caesar Hawkins",1770-1786,,K.Top.38.14.4.a,https://www.flickr.com/photos/britishlibrary/50264250443/,https://live.staticflickr.com/65535/50264250443_f06fdc337e_k_d.jpg,N,Public Domain,,,
British Library,Image,The Plans and Section of the New Octagon Chappel at Bath,1766+,William Lindley,K.Top.37.26.k,https://www.flickr.com/photos/britishlibrary/50264943746/,https://live.staticflickr.com/65535/50264943746_d0f224c55f_k_d.jpg,N,Public Domain,,,
British Library,Image,The PLAN and ELEVATION of a NEW GENERAL HOSPITAL intended to be erected at BATH for the Reception of one hundred and fifty poor Strangers Anno Dom: 1737,1737,John Pine,K.Top.37.26.m,https://www.flickr.com/photos/britishlibrary/50264290578/,https://live.staticflickr.com/65535/50264290578_6645417936_k_d.jpg,N,Public Domain,,,
British Library,Image,Charity School Bath,1722+,,K.Top.37.26.l,https://www.flickr.com/photos/britishlibrary/50264290728/,https://live.staticflickr.com/65535/50264290728_97ba695bf2_k_d.jpg,N,Public Domain,,,
British Library,Image,"Quin's Monument, Bath",1790,Samuel Sparrow,K.Top.37.27.i,https://www.flickr.com/photos/britishlibrary/50265124352/,https://live.staticflickr.com/65535/50265124352_a68d56d865_k_d.jpg,N,Public Domain,,,
British Library,Image,"A NEW and ACCURATE Plan of the CITY of BATH to the present Year, 1796",1796,Anna Taylor,K.Top.37.22,https://www.flickr.com/photos/britishlibrary/50265131652/,https://live.staticflickr.com/65535/50265131652_2e0434c172_k_d.jpg,Y,Public Domain,,,
British Library,Image,View of Bath Cethedral,1740-1770,,K.Top.37.27.f,https://www.flickr.com/photos/britishlibrary/50264288498/,https://live.staticflickr.com/65535/50264288498_b183b75488_k_d.jpg,N,Public Domain,,,
British Library,Image,THE NEW ROOMS AT BATH,1779-03-03,James Gandon,K.Top.37.26.a.3,https://www.flickr.com/photos/britishlibrary/50265129762/,https://live.staticflickr.com/65535/50265129762_6c83587f3c_k_d.jpg,N,Public Domain,,,
British Library,Image,A SOUTH WEST PROSPECT OF THE CITY OF BATH,1757-03-19,Henry Roberts,K.Top.37.25.d,https://www.flickr.com/photos/britishlibrary/50265130932/,https://live.staticflickr.com/65535/50265130932_a51e99c7e5_k_d.jpg,N,Public Domain,,,
British Library,Image,THE CRESCENT AT BATH,1788-12-31,Thomas Malton,K.Top.37.26.c.1,https://www.flickr.com/photos/britishlibrary/50265129232/,https://live.staticflickr.com/65535/50265129232_405a151dea_k_d.jpg,N,Public Domain,,,
British Library,Image,THE SOUTH PARADE AT BATH,1784-12-15,James Gandon,K.Top.37.26.b.4,https://www.flickr.com/photos/britishlibrary/50264293573/,https://live.staticflickr.com/65535/50264293573_310b6aa412_k_d.jpg,N,Public Domain,,,
British Library,Image,THE NEW BRIDGE AT BATH,1779-03-03,James Gandon,K.Top.37.26.a.4,https://www.flickr.com/photos/britishlibrary/50264294013/,https://live.staticflickr.com/65535/50264294013_27e4c98ab6_k_d.jpg,N,Public Domain,,,
British Library,Image,The ALTAR in the ABBEY CHURCH at BATH,1750,James Vertue,K.Top.37.27.k,https://www.flickr.com/photos/britishlibrary/50264288063/,https://live.staticflickr.com/65535/50264288063_9067ddc870_k_d.jpg,N,Public Domain,,,
British Library,Image,"A View of the KING and QUEEN'S Baths, including the Great PUMP-ROOM at BATH", 1750-1770,William Elliot,K.Top.37.28.q,https://www.flickr.com/photos/britishlibrary/50265120927/,https://live.staticflickr.com/65535/50265120927_6a66b5fab9_k_d.jpg,N,Public Domain,,,
British Library,Image,A NEW and ACCURATE PLAN of the CITY of BATH from a late SURVEY with the New ADDITIONAL BUILDINGS,1779,Andrew Tennent,K.Top.37.20,https://www.flickr.com/photos/britishlibrary/50264296553/,https://live.staticflickr.com/65535/50264296553_39cc5713dc_k_d.jpg,Y,Public Domain,,,
British Library,Image,The Cathedral Church of Bath,1723+,John Harris,K.Top.37.27.c,https://www.flickr.com/photos/britishlibrary/50264941976/,https://live.staticflickr.com/65535/50264941976_9e64451443_k_d.jpg,N,Public Domain,,,
British Library,Image,"THE NEW BRIDGE, BATH, & part of the SOUTH PARADE, taken near the Ferry",1788,William Payne,K.Top.37.26.h,https://www.flickr.com/photos/britishlibrary/50264291848/,https://live.staticflickr.com/65535/50264291848_31edd1d24c_k_d.jpg,N,Public Domain,,,
British Library,Image,WICK,1793-12-01,John Sanders,K.Top.37.30.a.2,https://www.flickr.com/photos/britishlibrary/50264284298/,https://live.staticflickr.com/65535/50264284298_67d0e0b6a2_k_d.jpg,N,Public Domain,,,
British Library,Image,A New PLAN of the CITY OF BATH,1783,William Taylor,K.Top.37.18,https://www.flickr.com/photos/britishlibrary/50264948801/,https://live.staticflickr.com/65535/50264948801_f837667845_k_d.jpg,Y,Public Domain,,,
British Library,Image,"PART of the NORTH PARADE, BATH, taken from the opposite side of the River, near the new Bridge",1788,William Payne,K.Top.37.26.g,https://www.flickr.com/photos/britishlibrary/50264943991/,https://live.staticflickr.com/65535/50264943991_86f009ce3c_k_d.jpg,N,Public Domain,,,
British Library,Image,A coloured plan and section of the remains of the Roman baths discovered at Bath in 1755,1759+,,K.Top.37.28.e,https://www.flickr.com/photos/britishlibrary/50264938976/,https://live.staticflickr.com/65535/50264938976_c7658bd187_k_d.jpg,Y,Public Domain,,,
British Library,Image,"The ELEVATION, to the South, of one of the Side BUILDINGS of QUEEN-SQUARE in BATH",1728+,Paul Fourdrinier,K.Top.37.26.d.2,https://www.flickr.com/photos/britishlibrary/50264944336/,https://live.staticflickr.com/65535/50264944336_f5fbe8cb43_k_d.jpg,N,Public Domain,,,
British Library,Image,A Copy of Doctor Jones's VIEW of the CITY  of BATH.as it was Published in the Year MDLXXll,1572,Dr Jones,10368.d.19,https://www.flickr.com/photos/britishlibrary/11065675964,https://live.staticflickr.com/2888/11065675964_a8e107460c_k_d.jpg,Y,Public Domain,,,http://access.bl.uk/item/pdf/lsidyv359b5a8a
British Library,Image,"The Mineral Baths of Bath. The Bathes of Bathe's Ayde in the reign of Charles 2nd as illustrated by a drawing of the King's and Queen's Bath, signed 1675",1675,,10060.dd.35,https://www.flickr.com/photos/britishlibrary/11164044313,https://live.staticflickr.com/7377/11164044313_52604752e3_k_d.jpg,Y,Public Domain,,,
British Library,Image,Plan of the City of Bath,1795,Charles Harcourt Masters,K.Top.37.21,https://www.bl.uk/collection-items/plan-of-the-city-of-bath,https://www.bl.uk/britishlibrary/~/media/bl/global/dl%20romantics%20and%20victorians/collection-item-images/h/a/r/harcourt%20c%20plan%20075478.jpg,Y,Public Domain,,,
British Library,Image,"The Historical and Local New Bath Guide ... Embellished with eight original engravings, and a correct plan of the city",1818,,10369.e.19,https://www.flickr.com/photos/britishlibrary/11005585513,https://live.staticflickr.com/7453/11005585513_e7485001cd_k_d.jpg,Y,Public Domain,,,"Map date taken from image, not BL metadata"
British Library,Image,Map of Bath,1891,,10348.i.8,https://www.flickr.com/photos/britishlibrary/11210061163,https://live.staticflickr.com/3790/11210061163_b2af7bc06b_k_d.jpg,Y,Public Domain,,,
British Library,Image,"Paterson's Guide Book to England and Wales. With maps and plans ... 1886, etc",1886,,10347.cc.10,https://www.flickr.com/photos/britishlibrary/11185880365/,https://live.staticflickr.com/7404/11185880365_03cd2be4c1_k_d.jpg,Y,Public Domain,,,
British Library,Image,"The Penny Illustrated History of Bath and District, etc",1898,,010360.ee.13,https://www.flickr.com/photos/britishlibrary/11248795104/,https://live.staticflickr.com/5505/11248795104_76ed9f1bc9_k_d.jpg,Y,Public Domain,,,
British Library,Image,Ancient Map of Bath,1610,,10348.f.13,https://www.flickr.com/photos/britishlibrary/11245496335/,https://live.staticflickr.com/3677/11245496335_8b2186a4a1_k_d.jpg,Y,Public Domain,,,
British Library,Image,Map of Bath,1898,,10348.f.13,https://www.flickr.com/photos/britishlibrary/11245295676/,https://live.staticflickr.com/3821/11245295676_0839b08f8a_k_d.jpg,Y,Public Domain,,,
